{
    "name": [
        508.2172434962779,
        492.3260302355918
    ],
    "gender": [
        500.3669173509322,
        552.5118640165756
    ],
    "semester": [
        500.3669173509322,
        610.0809224157774
    ],
    "dob": [
        1102.2252551607703,
        547.2783132530117
    ],
    "course": [
        510.83401887805985,
        665.0332054331975
    ],
    "APAAR": [
        1102.2252551607703,
        607.4641470339955
    ],
    "roll no.": [
        505.6004681144959,
        727.8358145959633
    ],
    "reg no.": [
        1107.4588059243338,
        725.2190392141813
    ]
}